[{"model": "admin.logentry", "pk": 1, "fields": {"action_time": "2022-09-25T00:02:34.434Z", "user": 1, "content_type": 9, "object_id": "2", "object_repr": "TestUser", "action_flag": 1, "change_message": "[{\"added\": {}}]"}}, {"model": "admin.logentry", "pk": 2, "fields": {"action_time": "2022-09-25T06:20:10.765Z", "user": 1, "content_type": 9, "object_id": "2", "object_repr": "TestUser", "action_flag": 2, "change_message": "[{\"changed\": {\"fields\": [\"password\"]}}]"}}, {"model": "admin.logentry", "pk": 3, "fields": {"action_time": "2022-09-25T06:23:51.100Z", "user": 1, "content_type": 9, "object_id": "2", "object_repr": "TestUser", "action_flag": 3, "change_message": ""}}, {"model": "admin.logentry", "pk": 4, "fields": {"action_time": "2022-09-25T06:24:56.234Z", "user": 1, "content_type": 9, "object_id": "3", "object_repr": "Shota_Teacher", "action_flag": 1, "change_message": "[{\"added\": {}}]"}}, {"model": "admin.logentry", "pk": 5, "fields": {"action_time": "2022-09-25T06:25:27.689Z", "user": 1, "content_type": 9, "object_id": "3", "object_repr": "Shota_Teacher", "action_flag": 2, "change_message": "[{\"changed\": {\"fields\": [\"First name\", \"Last name\", \"Email address\"]}}]"}}, {"model": "admin.logentry", "pk": 6, "fields": {"action_time": "2022-09-25T06:46:47.768Z", "user": 1, "content_type": 9, "object_id": "4", "object_repr": "Test", "action_flag": 1, "change_message": "[{\"added\": {}}]"}}, {"model": "admin.logentry", "pk": 7, "fields": {"action_time": "2022-09-25T06:47:04.743Z", "user": 1, "content_type": 9, "object_id": "4", "object_repr": "Test", "action_flag": 2, "change_message": "[{\"changed\": {\"fields\": [\"First name\"]}}]"}}, {"model": "admin.logentry", "pk": 8, "fields": {"action_time": "2022-09-25T06:47:33.418Z", "user": 1, "content_type": 9, "object_id": "5", "object_repr": "Manager1", "action_flag": 1, "change_message": "[{\"added\": {}}]"}}, {"model": "admin.logentry", "pk": 9, "fields": {"action_time": "2022-09-25T06:47:47.882Z", "user": 1, "content_type": 9, "object_id": "4", "object_repr": "Test", "action_flag": 3, "change_message": ""}}, {"model": "admin.logentry", "pk": 10, "fields": {"action_time": "2022-09-25T06:48:29.728Z", "user": 1, "content_type": 9, "object_id": "5", "object_repr": "Manager1", "action_flag": 3, "change_message": ""}}, {"model": "admin.logentry", "pk": 11, "fields": {"action_time": "2022-09-25T06:49:06.655Z", "user": 1, "content_type": 9, "object_id": "3", "object_repr": "Shota_Teacher", "action_flag": 2, "change_message": "[{\"changed\": {\"fields\": [\"Password\"]}}]"}}, {"model": "admin.logentry", "pk": 12, "fields": {"action_time": "2022-09-25T06:51:15.820Z", "user": 1, "content_type": 9, "object_id": "6", "object_repr": "Yuri_Teacher", "action_flag": 1, "change_message": "[{\"added\": {}}]"}}, {"model": "admin.logentry", "pk": 13, "fields": {"action_time": "2022-09-25T06:51:54.974Z", "user": 1, "content_type": 9, "object_id": "7", "object_repr": "Timofey_Teacher", "action_flag": 1, "change_message": "[{\"added\": {}}]"}}, {"model": "admin.logentry", "pk": 14, "fields": {"action_time": "2022-09-25T06:52:31.953Z", "user": 1, "content_type": 9, "object_id": "3", "object_repr": "Shota_Teacher", "action_flag": 2, "change_message": "[{\"changed\": {\"fields\": [\"Role\"]}}]"}}, {"model": "admin.logentry", "pk": 15, "fields": {"action_time": "2022-09-25T06:53:15.929Z", "user": 1, "content_type": 6, "object_id": "1", "object_repr": "Z21", "action_flag": 1, "change_message": "[{\"added\": {}}]"}}, {"model": "admin.logentry", "pk": 16, "fields": {"action_time": "2022-09-25T06:53:27.921Z", "user": 1, "content_type": 6, "object_id": "2", "object_repr": "Z22", "action_flag": 1, "change_message": "[{\"added\": {}}]"}}, {"model": "admin.logentry", "pk": 17, "fields": {"action_time": "2022-09-25T06:53:35.605Z", "user": 1, "content_type": 6, "object_id": "3", "object_repr": "Z23", "action_flag": 1, "change_message": "[{\"added\": {}}]"}}, {"model": "admin.logentry", "pk": 18, "fields": {"action_time": "2022-09-25T07:02:04.985Z", "user": 1, "content_type": 6, "object_id": "1", "object_repr": "Z21", "action_flag": 2, "change_message": "[{\"added\": {\"name\": \"lesson\", \"object\": \"Introduction to programming\"}}, {\"added\": {\"name\": \"task\", \"object\": \"Hello World!\"}}, {\"added\": {\"name\": \"user\", \"object\": \"Oleg_2509\"}}, {\"added\": {\"name\": \"user\", \"object\": \"Mariya_2509\"}}, {\"added\": {\"name\": \"user\", \"object\": \"Marat_2509\"}}]"}}, {"model": "admin.logentry", "pk": 19, "fields": {"action_time": "2022-09-25T07:06:00.484Z", "user": 1, "content_type": 6, "object_id": "2", "object_repr": "Z22", "action_flag": 2, "change_message": "[{\"added\": {\"name\": \"lesson\", \"object\": \"Celery and Celery beat\"}}, {\"added\": {\"name\": \"lesson\", \"object\": \"Serializers and views\"}}, {\"added\": {\"name\": \"task\", \"object\": \"Calculator\"}}, {\"added\": {\"name\": \"user\", \"object\": \"Diana_2509\"}}, {\"added\": {\"name\": \"user\", \"object\": \"Dmitry_2509\"}}, {\"added\": {\"name\": \"user\", \"object\": \"Taras_2509\"}}]"}}, {"model": "admin.logentry", "pk": 20, "fields": {"action_time": "2022-09-25T07:09:15.383Z", "user": 1, "content_type": 6, "object_id": "3", "object_repr": "Z23", "action_flag": 2, "change_message": "[{\"added\": {\"name\": \"lesson\", \"object\": \"SQl db and NoSql db\"}}, {\"added\": {\"name\": \"task\", \"object\": \"\\u0410\\u043d\\u0430\\u043b\\u043e\\u0433 AWS or GCS\"}}, {\"added\": {\"name\": \"user\", \"object\": \"Alex_2509\"}}, {\"added\": {\"name\": \"user\", \"object\": \"Kate_2509\"}}, {\"added\": {\"name\": \"user\", \"object\": \"Jon_2509\"}}]"}}, {"model": "admin.logentry", "pk": 21, "fields": {"action_time": "2022-09-25T07:12:15.458Z", "user": 1, "content_type": 7, "object_id": "1", "object_repr": "Hello World!", "action_flag": 2, "change_message": "[{\"changed\": {\"fields\": [\"Description\"]}}, {\"added\": {\"name\": \"homework\", \"object\": \"Homework for the task Hello World! by Oleg_2509\"}}, {\"added\": {\"name\": \"homework\", \"object\": \"Homework for the task Hello World! by Marat_2509\"}}, {\"added\": {\"name\": \"task comment\", \"object\": \"Comment to the task Hello World! by Marat_2509\"}}, {\"added\": {\"name\": \"task comment\", \"object\": \"Comment to the task Hello World! by Mariya_2509\"}}]"}}, {"model": "admin.logentry", "pk": 22, "fields": {"action_time": "2022-09-25T07:14:42.018Z", "user": 1, "content_type": 7, "object_id": "2", "object_repr": "Calculator", "action_flag": 2, "change_message": "[{\"changed\": {\"fields\": [\"Description\"]}}, {\"added\": {\"name\": \"homework\", \"object\": \"Homework for the task Calculator by Diana_2509\"}}, {\"added\": {\"name\": \"homework\", \"object\": \"Homework for the task Calculator by Dmitry_2509\"}}, {\"added\": {\"name\": \"task comment\", \"object\": \"Comment to the task Calculator by Diana_2509\"}}]"}}, {"model": "admin.logentry", "pk": 23, "fields": {"action_time": "2022-09-25T07:17:07.195Z", "user": 1, "content_type": 7, "object_id": "3", "object_repr": "Analogue AWS or GCS", "action_flag": 2, "change_message": "[{\"changed\": {\"fields\": [\"Task name\", \"Description\"]}}, {\"added\": {\"name\": \"homework\", \"object\": \"Homework for the task Analogue AWS or GCS by Kate_2509\"}}, {\"added\": {\"name\": \"homework\", \"object\": \"Homework for the task Analogue AWS or GCS by Jon_2509\"}}, {\"added\": {\"name\": \"task comment\", \"object\": \"Comment to the task Analogue AWS or GCS by Alex_2509\"}}, {\"added\": {\"name\": \"task comment\", \"object\": \"Comment to the task Analogue AWS or GCS by Kate_2509\"}}]"}}, {"model": "admin.logentry", "pk": 24, "fields": {"action_time": "2022-09-25T07:17:43.646Z", "user": 1, "content_type": 10, "object_id": "1", "object_repr": "Homework for the task Hello World! by Oleg_2509", "action_flag": 2, "change_message": "[{\"changed\": {\"fields\": [\"Description\"]}}]"}}, {"model": "admin.logentry", "pk": 25, "fields": {"action_time": "2022-09-25T07:18:41.355Z", "user": 1, "content_type": 10, "object_id": "2", "object_repr": "Homework for the task Hello World! by Marat_2509", "action_flag": 2, "change_message": "[{\"changed\": {\"fields\": [\"Description\"]}}, {\"added\": {\"name\": \"homework comment\", \"object\": \"Comment to homework 2 by Shota_Teacher\"}}]"}}, {"model": "admin.logentry", "pk": 26, "fields": {"action_time": "2022-09-25T07:19:29.487Z", "user": 1, "content_type": 10, "object_id": "3", "object_repr": "Homework for the task Calculator by Diana_2509", "action_flag": 2, "change_message": "[{\"changed\": {\"fields\": [\"Description\"]}}, {\"added\": {\"name\": \"homework comment\", \"object\": \"Comment to homework 3 by Yuri_Teacher\"}}]"}}, {"model": "admin.logentry", "pk": 27, "fields": {"action_time": "2022-09-25T07:19:41.791Z", "user": 1, "content_type": 10, "object_id": "4", "object_repr": "Homework for the task Calculator by Dmitry_2509", "action_flag": 2, "change_message": "[{\"changed\": {\"fields\": [\"Description\"]}}]"}}, {"model": "admin.logentry", "pk": 28, "fields": {"action_time": "2022-09-25T07:20:32.851Z", "user": 1, "content_type": 10, "object_id": "5", "object_repr": "Homework for the task Analogue AWS or GCS by Kate_2509", "action_flag": 2, "change_message": "[{\"changed\": {\"fields\": [\"Description\"]}}, {\"added\": {\"name\": \"homework comment\", \"object\": \"Comment to homework 5 by Timofey_Teacher\"}}]"}}, {"model": "admin.logentry", "pk": 29, "fields": {"action_time": "2022-09-25T07:20:41.223Z", "user": 1, "content_type": 10, "object_id": "6", "object_repr": "Homework for the task Analogue AWS or GCS by Jon_2509", "action_flag": 2, "change_message": "[{\"changed\": {\"fields\": [\"Description\"]}}]"}}, {"model": "admin.logentry", "pk": 30, "fields": {"action_time": "2022-09-25T07:26:55.621Z", "user": 1, "content_type": 13, "object_id": "1", "object_repr": "Cap", "action_flag": 1, "change_message": "[{\"added\": {}}]"}}, {"model": "admin.logentry", "pk": 31, "fields": {"action_time": "2022-09-25T07:27:25.617Z", "user": 1, "content_type": 13, "object_id": "2", "object_repr": "T-shirt", "action_flag": 1, "change_message": "[{\"added\": {}}]"}}, {"model": "admin.logentry", "pk": 32, "fields": {"action_time": "2022-09-25T07:27:51.975Z", "user": 1, "content_type": 13, "object_id": "3", "object_repr": "Hoodie", "action_flag": 1, "change_message": "[{\"added\": {}}]"}}, {"model": "admin.logentry", "pk": 33, "fields": {"action_time": "2022-09-25T07:28:33.494Z", "user": 1, "content_type": 9, "object_id": "15", "object_repr": "Kate_2509", "action_flag": 2, "change_message": "[{\"changed\": {\"fields\": [\"Currency\"]}}]"}}, {"model": "admin.logentry", "pk": 34, "fields": {"action_time": "2022-09-25T07:28:48.260Z", "user": 1, "content_type": 14, "object_id": "1", "object_repr": "Purchase 1 purchaser Kate_2509", "action_flag": 1, "change_message": "[{\"added\": {}}]"}}, {"model": "admin.logentry", "pk": 35, "fields": {"action_time": "2022-09-25T12:26:57.220Z", "user": 1, "content_type": 9, "object_id": "1", "object_repr": "admin", "action_flag": 2, "change_message": "[{\"changed\": {\"fields\": [\"Role\"]}}]"}}, {"model": "admin.logentry", "pk": 36, "fields": {"action_time": "2022-09-25T12:27:23.187Z", "user": 1, "content_type": 9, "object_id": "17", "object_repr": "Test", "action_flag": 1, "change_message": "[{\"added\": {}}]"}}, {"model": "admin.logentry", "pk": 37, "fields": {"action_time": "2022-09-25T12:27:34.985Z", "user": 1, "content_type": 9, "object_id": "17", "object_repr": "Test", "action_flag": 3, "change_message": ""}}, {"model": "admin.logentry", "pk": 38, "fields": {"action_time": "2022-09-25T13:13:42.670Z", "user": 1, "content_type": 9, "object_id": "18", "object_repr": "TestUser", "action_flag": 1, "change_message": "[{\"added\": {}}]"}}, {"model": "admin.logentry", "pk": 39, "fields": {"action_time": "2022-09-25T13:13:54.728Z", "user": 1, "content_type": 9, "object_id": "18", "object_repr": "TestUser", "action_flag": 3, "change_message": ""}}, {"model": "admin.logentry", "pk": 40, "fields": {"action_time": "2022-09-25T15:02:08.586Z", "user": 1, "content_type": 9, "object_id": "19", "object_repr": "Oleg_Manager", "action_flag": 1, "change_message": "[{\"added\": {}}]"}}, {"model": "admin.logentry", "pk": 41, "fields": {"action_time": "2022-09-25T15:02:42.932Z", "user": 1, "content_type": 9, "object_id": "19", "object_repr": "Oleg_Manager", "action_flag": 2, "change_message": "[{\"changed\": {\"fields\": [\"Email address\", \"Staff status\", \"Role\"]}}]"}}, {"model": "admin.logentry", "pk": 42, "fields": {"action_time": "2022-09-25T15:05:33.306Z", "user": 1, "content_type": 9, "object_id": "19", "object_repr": "Oleg_Manager", "action_flag": 2, "change_message": "[{\"changed\": {\"fields\": [\"Superuser status\"]}}]"}}, {"model": "admin.logentry", "pk": 43, "fields": {"action_time": "2022-09-25T15:06:23.893Z", "user": 1, "content_type": 9, "object_id": "20", "object_repr": "Manager_Manager", "action_flag": 1, "change_message": "[{\"added\": {}}]"}}, {"model": "admin.logentry", "pk": 44, "fields": {"action_time": "2022-09-25T15:06:48.976Z", "user": 1, "content_type": 9, "object_id": "20", "object_repr": "Manager_Manager", "action_flag": 2, "change_message": "[{\"changed\": {\"fields\": [\"Staff status\", \"Superuser status\", \"Role\"]}}]"}}, {"model": "admin.logentry", "pk": 45, "fields": {"action_time": "2022-09-25T15:07:36.158Z", "user": 1, "content_type": 9, "object_id": "1", "object_repr": "admin", "action_flag": 2, "change_message": "[{\"changed\": {\"fields\": [\"password\"]}}]"}}, {"model": "admin.logentry", "pk": 46, "fields": {"action_time": "2022-09-25T15:08:53.991Z", "user": 1, "content_type": 9, "object_id": "14", "object_repr": "Alex_2509", "action_flag": 2, "change_message": "[{\"changed\": {\"fields\": [\"password\"]}}]"}}, {"model": "admin.logentry", "pk": 47, "fields": {"action_time": "2022-09-25T15:09:03.859Z", "user": 1, "content_type": 9, "object_id": "11", "object_repr": "Diana_2509", "action_flag": 2, "change_message": "[{\"changed\": {\"fields\": [\"password\"]}}]"}}, {"model": "admin.logentry", "pk": 48, "fields": {"action_time": "2022-09-25T15:09:20.821Z", "user": 1, "content_type": 9, "object_id": "12", "object_repr": "Dmitry_2509", "action_flag": 2, "change_message": "[{\"changed\": {\"fields\": [\"password\"]}}]"}}, {"model": "admin.logentry", "pk": 49, "fields": {"action_time": "2022-09-25T15:09:32.938Z", "user": 1, "content_type": 9, "object_id": "16", "object_repr": "Jon_2509", "action_flag": 2, "change_message": "[{\"changed\": {\"fields\": [\"password\"]}}]"}}, {"model": "admin.logentry", "pk": 50, "fields": {"action_time": "2022-09-25T15:09:42.469Z", "user": 1, "content_type": 9, "object_id": "15", "object_repr": "Kate_2509", "action_flag": 2, "change_message": "[{\"changed\": {\"fields\": [\"password\"]}}]"}}, {"model": "admin.logentry", "pk": 51, "fields": {"action_time": "2022-09-25T15:10:15.748Z", "user": 1, "content_type": 9, "object_id": "10", "object_repr": "Marat_2509", "action_flag": 2, "change_message": "[{\"changed\": {\"fields\": [\"password\"]}}]"}}, {"model": "admin.logentry", "pk": 52, "fields": {"action_time": "2022-09-25T15:10:21.873Z", "user": 1, "content_type": 9, "object_id": "9", "object_repr": "Mariya_2509", "action_flag": 2, "change_message": "[{\"changed\": {\"fields\": [\"password\"]}}]"}}, {"model": "admin.logentry", "pk": 53, "fields": {"action_time": "2022-09-25T15:10:32.793Z", "user": 1, "content_type": 9, "object_id": "8", "object_repr": "Oleg_2509", "action_flag": 2, "change_message": "[{\"changed\": {\"fields\": [\"password\"]}}]"}}, {"model": "admin.logentry", "pk": 54, "fields": {"action_time": "2022-09-25T15:10:43.770Z", "user": 1, "content_type": 9, "object_id": "13", "object_repr": "Taras_2509", "action_flag": 2, "change_message": "[{\"changed\": {\"fields\": [\"password\"]}}]"}}, {"model": "admin.logentry", "pk": 55, "fields": {"action_time": "2022-09-25T15:11:01.685Z", "user": 1, "content_type": 9, "object_id": "3", "object_repr": "Shota_Teacher", "action_flag": 2, "change_message": "[{\"changed\": {\"fields\": [\"password\"]}}]"}}, {"model": "admin.logentry", "pk": 56, "fields": {"action_time": "2022-09-25T15:11:10.830Z", "user": 1, "content_type": 9, "object_id": "7", "object_repr": "Timofey_Teacher", "action_flag": 2, "change_message": "[{\"changed\": {\"fields\": [\"password\"]}}]"}}, {"model": "admin.logentry", "pk": 57, "fields": {"action_time": "2022-09-25T15:11:17.734Z", "user": 1, "content_type": 9, "object_id": "6", "object_repr": "Yuri_Teacher", "action_flag": 2, "change_message": "[{\"changed\": {\"fields\": [\"password\"]}}]"}}, {"model": "auth.permission", "pk": 1, "fields": {"name": "Can add log entry", "content_type": 1, "codename": "add_logentry"}}, {"model": "auth.permission", "pk": 2, "fields": {"name": "Can change log entry", "content_type": 1, "codename": "change_logentry"}}, {"model": "auth.permission", "pk": 3, "fields": {"name": "Can delete log entry", "content_type": 1, "codename": "delete_logentry"}}, {"model": "auth.permission", "pk": 4, "fields": {"name": "Can view log entry", "content_type": 1, "codename": "view_logentry"}}, {"model": "auth.permission", "pk": 5, "fields": {"name": "Can add permission", "content_type": 2, "codename": "add_permission"}}, {"model": "auth.permission", "pk": 6, "fields": {"name": "Can change permission", "content_type": 2, "codename": "change_permission"}}, {"model": "auth.permission", "pk": 7, "fields": {"name": "Can delete permission", "content_type": 2, "codename": "delete_permission"}}, {"model": "auth.permission", "pk": 8, "fields": {"name": "Can view permission", "content_type": 2, "codename": "view_permission"}}, {"model": "auth.permission", "pk": 9, "fields": {"name": "Can add group", "content_type": 3, "codename": "add_group"}}, {"model": "auth.permission", "pk": 10, "fields": {"name": "Can change group", "content_type": 3, "codename": "change_group"}}, {"model": "auth.permission", "pk": 11, "fields": {"name": "Can delete group", "content_type": 3, "codename": "delete_group"}}, {"model": "auth.permission", "pk": 12, "fields": {"name": "Can view group", "content_type": 3, "codename": "view_group"}}, {"model": "auth.permission", "pk": 13, "fields": {"name": "Can add content type", "content_type": 4, "codename": "add_contenttype"}}, {"model": "auth.permission", "pk": 14, "fields": {"name": "Can change content type", "content_type": 4, "codename": "change_contenttype"}}, {"model": "auth.permission", "pk": 15, "fields": {"name": "Can delete content type", "content_type": 4, "codename": "delete_contenttype"}}, {"model": "auth.permission", "pk": 16, "fields": {"name": "Can view content type", "content_type": 4, "codename": "view_contenttype"}}, {"model": "auth.permission", "pk": 17, "fields": {"name": "Can add session", "content_type": 5, "codename": "add_session"}}, {"model": "auth.permission", "pk": 18, "fields": {"name": "Can change session", "content_type": 5, "codename": "change_session"}}, {"model": "auth.permission", "pk": 19, "fields": {"name": "Can delete session", "content_type": 5, "codename": "delete_session"}}, {"model": "auth.permission", "pk": 20, "fields": {"name": "Can view session", "content_type": 5, "codename": "view_session"}}, {"model": "auth.permission", "pk": 21, "fields": {"name": "Can add group", "content_type": 6, "codename": "add_group"}}, {"model": "auth.permission", "pk": 22, "fields": {"name": "Can change group", "content_type": 6, "codename": "change_group"}}, {"model": "auth.permission", "pk": 23, "fields": {"name": "Can delete group", "content_type": 6, "codename": "delete_group"}}, {"model": "auth.permission", "pk": 24, "fields": {"name": "Can view group", "content_type": 6, "codename": "view_group"}}, {"model": "auth.permission", "pk": 25, "fields": {"name": "Can add task", "content_type": 7, "codename": "add_task"}}, {"model": "auth.permission", "pk": 26, "fields": {"name": "Can change task", "content_type": 7, "codename": "change_task"}}, {"model": "auth.permission", "pk": 27, "fields": {"name": "Can delete task", "content_type": 7, "codename": "delete_task"}}, {"model": "auth.permission", "pk": 28, "fields": {"name": "Can view task", "content_type": 7, "codename": "view_task"}}, {"model": "auth.permission", "pk": 29, "fields": {"name": "Can add task comment", "content_type": 8, "codename": "add_taskcomment"}}, {"model": "auth.permission", "pk": 30, "fields": {"name": "Can change task comment", "content_type": 8, "codename": "change_taskcomment"}}, {"model": "auth.permission", "pk": 31, "fields": {"name": "Can delete task comment", "content_type": 8, "codename": "delete_taskcomment"}}, {"model": "auth.permission", "pk": 32, "fields": {"name": "Can view task comment", "content_type": 8, "codename": "view_taskcomment"}}, {"model": "auth.permission", "pk": 33, "fields": {"name": "Can add user", "content_type": 9, "codename": "add_customuser"}}, {"model": "auth.permission", "pk": 34, "fields": {"name": "Can change user", "content_type": 9, "codename": "change_customuser"}}, {"model": "auth.permission", "pk": 35, "fields": {"name": "Can delete user", "content_type": 9, "codename": "delete_customuser"}}, {"model": "auth.permission", "pk": 36, "fields": {"name": "Can view user", "content_type": 9, "codename": "view_customuser"}}, {"model": "auth.permission", "pk": 37, "fields": {"name": "Can add homework", "content_type": 10, "codename": "add_homework"}}, {"model": "auth.permission", "pk": 38, "fields": {"name": "Can change homework", "content_type": 10, "codename": "change_homework"}}, {"model": "auth.permission", "pk": 39, "fields": {"name": "Can delete homework", "content_type": 10, "codename": "delete_homework"}}, {"model": "auth.permission", "pk": 40, "fields": {"name": "Can view homework", "content_type": 10, "codename": "view_homework"}}, {"model": "auth.permission", "pk": 41, "fields": {"name": "Can add homework comment", "content_type": 11, "codename": "add_homeworkcomment"}}, {"model": "auth.permission", "pk": 42, "fields": {"name": "Can change homework comment", "content_type": 11, "codename": "change_homeworkcomment"}}, {"model": "auth.permission", "pk": 43, "fields": {"name": "Can delete homework comment", "content_type": 11, "codename": "delete_homeworkcomment"}}, {"model": "auth.permission", "pk": 44, "fields": {"name": "Can view homework comment", "content_type": 11, "codename": "view_homeworkcomment"}}, {"model": "auth.permission", "pk": 45, "fields": {"name": "Can add lesson", "content_type": 12, "codename": "add_lesson"}}, {"model": "auth.permission", "pk": 46, "fields": {"name": "Can change lesson", "content_type": 12, "codename": "change_lesson"}}, {"model": "auth.permission", "pk": 47, "fields": {"name": "Can delete lesson", "content_type": 12, "codename": "delete_lesson"}}, {"model": "auth.permission", "pk": 48, "fields": {"name": "Can view lesson", "content_type": 12, "codename": "view_lesson"}}, {"model": "auth.permission", "pk": 49, "fields": {"name": "Can add merch shop", "content_type": 13, "codename": "add_merchshop"}}, {"model": "auth.permission", "pk": 50, "fields": {"name": "Can change merch shop", "content_type": 13, "codename": "change_merchshop"}}, {"model": "auth.permission", "pk": 51, "fields": {"name": "Can delete merch shop", "content_type": 13, "codename": "delete_merchshop"}}, {"model": "auth.permission", "pk": 52, "fields": {"name": "Can view merch shop", "content_type": 13, "codename": "view_merchshop"}}, {"model": "auth.permission", "pk": 53, "fields": {"name": "Can add shopping cart", "content_type": 14, "codename": "add_shoppingcart"}}, {"model": "auth.permission", "pk": 54, "fields": {"name": "Can change shopping cart", "content_type": 14, "codename": "change_shoppingcart"}}, {"model": "auth.permission", "pk": 55, "fields": {"name": "Can delete shopping cart", "content_type": 14, "codename": "delete_shoppingcart"}}, {"model": "auth.permission", "pk": 56, "fields": {"name": "Can view shopping cart", "content_type": 14, "codename": "view_shoppingcart"}}, {"model": "contenttypes.contenttype", "pk": 1, "fields": {"app_label": "admin", "model": "logentry"}}, {"model": "contenttypes.contenttype", "pk": 2, "fields": {"app_label": "auth", "model": "permission"}}, {"model": "contenttypes.contenttype", "pk": 3, "fields": {"app_label": "auth", "model": "group"}}, {"model": "contenttypes.contenttype", "pk": 4, "fields": {"app_label": "contenttypes", "model": "contenttype"}}, {"model": "contenttypes.contenttype", "pk": 5, "fields": {"app_label": "sessions", "model": "session"}}, {"model": "contenttypes.contenttype", "pk": 6, "fields": {"app_label": "groups", "model": "group"}}, {"model": "contenttypes.contenttype", "pk": 7, "fields": {"app_label": "tasks", "model": "task"}}, {"model": "contenttypes.contenttype", "pk": 8, "fields": {"app_label": "tasks", "model": "taskcomment"}}, {"model": "contenttypes.contenttype", "pk": 9, "fields": {"app_label": "users", "model": "customuser"}}, {"model": "contenttypes.contenttype", "pk": 10, "fields": {"app_label": "homeworks", "model": "homework"}}, {"model": "contenttypes.contenttype", "pk": 11, "fields": {"app_label": "homeworks", "model": "homeworkcomment"}}, {"model": "contenttypes.contenttype", "pk": 12, "fields": {"app_label": "lessons", "model": "lesson"}}, {"model": "contenttypes.contenttype", "pk": 13, "fields": {"app_label": "merch", "model": "merchshop"}}, {"model": "contenttypes.contenttype", "pk": 14, "fields": {"app_label": "merch", "model": "shoppingcart"}}, {"model": "sessions.session", "pk": "cld39wn7bu06j5ori781j73puas4njxc", "fields": {"session_data": ".eJxVjMsOwiAQAP-FsyEsIA-P3v0GsrBbqRqalPZk_HdD0oNeZybzFgn3raa985pmEhcB4vTLMpYntyHoge2-yLK0bZ2zHIk8bJe3hfh1Pdq_QcVexzYygAmYcTJki-aoyGllkCBkx9EBTyErPJM3DhRi1IqKJxPBF4tWfL7oKDfq:1ocKzq:wkvkXG1C1B1Hm5igv1Vjk6SpaUPBB5ikAtz63BSwMbM", "expire_date": "2022-10-09T06:20:10.806Z"}}, {"model": "sessions.session", "pk": "e4e9xykknpii91fttn8lhjdoskg9o1sc", "fields": {"session_data": ".eJxVjEEOwiAQRe_C2hCgUhiX7nsGMjMMUjVtUtqV8e7apAvd_vfef6mE21rT1mRJY1YXZdXpdyPkh0w7yHecbrPmeVqXkfSu6IM2PcxZntfD_Tuo2Oq3RiTIKBm7GLwjIOrZAhb0JjKxuJjRO7DMhcAU6AIakt5ILBIAzur9ASi_OVk:1ocTI3:ZW5sE1SchtIBvkP9BQvsOObwzXHEQFjIe-RLUFIqn6M", "expire_date": "2022-10-09T15:11:31.290Z"}}, {"model": "groups.group", "pk": 1, "fields": {"group_name": "Z21", "teacher": 3, "group_status": "Active"}}, {"model": "groups.group", "pk": 2, "fields": {"group_name": "Z22", "teacher": 6, "group_status": "Active"}}, {"model": "groups.group", "pk": 3, "fields": {"group_name": "Z23", "teacher": 7, "group_status": "Active"}}, {"model": "tasks.task", "pk": 1, "fields": {"task_name": "Hello World!", "description": "Some text.", "created_by": 3, "created_at": "2022-09-25T07:02:04.350Z", "deadline": "2022-09-25T07:01:17Z", "responsible_group": 1}}, {"model": "tasks.task", "pk": 2, "fields": {"task_name": "Calculator", "description": "Some text.", "created_by": 6, "created_at": "2022-09-25T07:05:59.838Z", "deadline": "2022-09-25T18:00:00Z", "responsible_group": 2}}, {"model": "tasks.task", "pk": 3, "fields": {"task_name": "Analogue AWS or GCS", "description": "Some text.", "created_by": 7, "created_at": "2022-09-25T07:09:14.749Z", "deadline": "2022-10-12T07:07:58Z", "responsible_group": 3}}, {"model": "tasks.taskcomment", "pk": 1, "fields": {"text": "Too easy!", "task": 1, "author": 10}}, {"model": "tasks.taskcomment", "pk": 2, "fields": {"text": "How do I install PyCharm?", "task": 1, "author": 9}}, {"model": "tasks.taskcomment", "pk": 3, "fields": {"text": "Just let me die.", "task": 2, "author": 11}}, {"model": "tasks.taskcomment", "pk": 4, "fields": {"text": "It's impossible!", "task": 3, "author": 14}}, {"model": "tasks.taskcomment", "pk": 5, "fields": {"text": "The road is for those who walk.", "task": 3, "author": 15}}, {"model": "users.customuser", "pk": 1, "fields": {"password": "pbkdf2_sha256$390000$d39vywVO168AalIJ7qC2DR$V2PyPprFuxv0imFLoNfd70rMLKNW19dyxDNv97wd9aI=", "last_login": "2022-09-25T15:11:31.278Z", "is_superuser": true, "username": "admin", "first_name": "", "last_name": "", "email": "admin@mail.ru", "is_staff": true, "is_active": true, "date_joined": "2022-09-24T23:57:16Z", "status": "Active", "role": "Manager", "group": null, "currency": 0, "groups": [], "user_permissions": []}}, {"model": "users.customuser", "pk": 3, "fields": {"password": "pbkdf2_sha256$390000$5uyYDKMhbb8cNoHLaQuT49$ije7CtmmRZQ9D24T7v46qMLsNm+By6AOQtpefgISljc=", "last_login": null, "is_superuser": false, "username": "Shota_Teacher", "first_name": "Shota", "last_name": "Sivsivadze", "email": "example1@gmail.com", "is_staff": false, "is_active": true, "date_joined": "2022-09-25T06:24:56Z", "status": "Active", "role": "Teacher", "group": null, "currency": 0, "groups": [], "user_permissions": []}}, {"model": "users.customuser", "pk": 6, "fields": {"password": "pbkdf2_sha256$390000$5k4IrmeAF8HDQuzEpKk0OW$YfTmhe3ZgmQzotz95TKEEiJjGxVYCdQvM6fgub5fef4=", "last_login": null, "is_superuser": false, "username": "Yuri_Teacher", "first_name": "Yuri", "last_name": "Pachkouskiy", "email": "example2@gmail.com", "is_staff": false, "is_active": true, "date_joined": "2022-09-25T06:49:14Z", "status": "Active", "role": "Teacher", "group": null, "currency": 0, "groups": [], "user_permissions": []}}, {"model": "users.customuser", "pk": 7, "fields": {"password": "pbkdf2_sha256$390000$fxMYheJMrRMNlzTWKFzvQk$QSo1EknqC6ChJN6g7ejeF+I+luFmisMraYAP6LYyBLI=", "last_login": null, "is_superuser": false, "username": "Timofey_Teacher", "first_name": "Timofey", "last_name": "Skorohodov", "email": "example5@gmail.com", "is_staff": false, "is_active": true, "date_joined": "2022-09-25T06:51:27Z", "status": "Active", "role": "Teacher", "group": null, "currency": 0, "groups": [], "user_permissions": []}}, {"model": "users.customuser", "pk": 8, "fields": {"password": "pbkdf2_sha256$390000$Vp1xJ7skGD5tfjguZxLLc4$MAJqCGbSQ8avaePclF08m4/x4b1NqRE36NJl/Dq/OMw=", "last_login": null, "is_superuser": false, "username": "Oleg_2509", "first_name": "Oleg", "last_name": "Oleg'ev", "email": "example123@gmail.com", "is_staff": false, "is_active": true, "date_joined": "2022-09-25T07:02:04.344Z", "status": "Active", "role": "Student", "group": 1, "currency": 0, "groups": [], "user_permissions": []}}, {"model": "users.customuser", "pk": 9, "fields": {"password": "pbkdf2_sha256$390000$XQd16qMUWpenI0tCBEBIXE$Nzz8yYZpJV6fXiCSzD3DUe1SC3hkyHEDkzip0iEs5IM=", "last_login": null, "is_superuser": false, "username": "Mariya_2509", "first_name": "Mariya", "last_name": "Ivanova", "email": "example125@gmail.com", "is_staff": false, "is_active": true, "date_joined": "2022-09-25T07:02:04.344Z", "status": "Active", "role": "Student", "group": 1, "currency": 0, "groups": [], "user_permissions": []}}, {"model": "users.customuser", "pk": 10, "fields": {"password": "pbkdf2_sha256$390000$pZo1jx8AdxMQbEbeLQCaOH$zfxMs0Vi+u58ngNVUbNT77xfYVd5WrY7+OJVoljeFHc=", "last_login": null, "is_superuser": false, "username": "Marat_2509", "first_name": "Marat", "last_name": "Marat'ev", "email": "example126@gmail.com", "is_staff": false, "is_active": true, "date_joined": "2022-09-25T07:02:04.344Z", "status": "Active", "role": "Student", "group": 1, "currency": 400, "groups": [], "user_permissions": []}}, {"model": "users.customuser", "pk": 11, "fields": {"password": "pbkdf2_sha256$390000$DjKTm3hfkNGaawMPn50sPX$5KGzE0NcBg4AqERVanWnF2wE+ZxV2jWfd8zgENpNVYE=", "last_login": null, "is_superuser": false, "username": "Diana_2509", "first_name": "Diana", "last_name": "Dovbysh", "email": "example223@gmail.com", "is_staff": false, "is_active": true, "date_joined": "2022-09-25T07:05:59.832Z", "status": "Active", "role": "Student", "group": 2, "currency": 0, "groups": [], "user_permissions": []}}, {"model": "users.customuser", "pk": 12, "fields": {"password": "pbkdf2_sha256$390000$UPlEYePFQsZA7aJVi16At2$xUm6rPfDJSN3o4UNT2V1OzO7KB6HNldfSHuaALv/oWU=", "last_login": null, "is_superuser": false, "username": "Dmitry_2509", "first_name": "Dmitry", "last_name": "Volkov", "email": "example2323@gmail.com", "is_staff": false, "is_active": true, "date_joined": "2022-09-25T07:05:59.832Z", "status": "Active", "role": "Student", "group": 2, "currency": 0, "groups": [], "user_permissions": []}}, {"model": "users.customuser", "pk": 13, "fields": {"password": "pbkdf2_sha256$390000$zMWnli8KOhz7s6eq2xMbbv$6crNiQxY5RuYp/hahs3bMC6DhKmKndb61mZaoLmLRGU=", "last_login": null, "is_superuser": false, "username": "Taras_2509", "first_name": "Taras", "last_name": "Sidorov", "email": "example129@gmail.com", "is_staff": false, "is_active": true, "date_joined": "2022-09-25T07:05:59.832Z", "status": "Active", "role": "Student", "group": 2, "currency": 0, "groups": [], "user_permissions": []}}, {"model": "users.customuser", "pk": 14, "fields": {"password": "pbkdf2_sha256$390000$nkrPL2vOG65njjh3rvvEIS$QpSR+7I2KVwpynR0iXkvukoj7dyitNZAwuaf5VJtG7Y=", "last_login": null, "is_superuser": false, "username": "Alex_2509", "first_name": "Alex", "last_name": "Ivanov", "email": "example423@gmail.com", "is_staff": false, "is_active": true, "date_joined": "2022-09-25T07:09:14.745Z", "status": "Active", "role": "Student", "group": 3, "currency": 0, "groups": [], "user_permissions": []}}, {"model": "users.customuser", "pk": 15, "fields": {"password": "pbkdf2_sha256$390000$jddm5i3liovdkN8jwiR031$4CnWRMxOnQ5Zt2L0Nr6sEP9vlDX8xSYojqR2Pa8yJkM=", "last_login": null, "is_superuser": false, "username": "Kate_2509", "first_name": "Kate", "last_name": "Sidorova", "email": "example2343@gmail.com", "is_staff": false, "is_active": true, "date_joined": "2022-09-25T07:09:14Z", "status": "Active", "role": "Student", "group": 3, "currency": 360, "groups": [], "user_permissions": []}}, {"model": "users.customuser", "pk": 16, "fields": {"password": "pbkdf2_sha256$390000$r4MSxZXpqwj7iUlH6N6oHx$BOiD/kyyah1ezG+ANQK+aRqu4/4WXz1qIkmwZ9busPQ=", "last_login": null, "is_superuser": false, "username": "Jon_2509", "first_name": "Jon", "last_name": "Travolta", "email": "example129@gmail.com", "is_staff": false, "is_active": true, "date_joined": "2022-09-25T07:09:14.745Z", "status": "Active", "role": "Student", "group": 3, "currency": 0, "groups": [], "user_permissions": []}}, {"model": "users.customuser", "pk": 19, "fields": {"password": "pbkdf2_sha256$390000$WShf1Xqp41QWTql0F7vgcp$XM+SPTuvFakgPAZ/ZrccF2wXuTTCAtiZzTlH+0V/P74=", "last_login": null, "is_superuser": true, "username": "Oleg_Manager", "first_name": "", "last_name": "", "email": "example1222@gmail.com", "is_staff": true, "is_active": true, "date_joined": "2022-09-25T15:02:08Z", "status": "Active", "role": "Manager", "group": null, "currency": 0, "groups": [], "user_permissions": []}}, {"model": "users.customuser", "pk": 20, "fields": {"password": "pbkdf2_sha256$390000$XSxZWezsX742ty8rUMdRVO$7JjSO4YlOW1Sz0cXN5tpyzEVLAfmRiJtvqSpzG1VjWY=", "last_login": null, "is_superuser": true, "username": "Manager_Manager", "first_name": "", "last_name": "", "email": "", "is_staff": true, "is_active": true, "date_joined": "2022-09-25T15:06:23Z", "status": "Active", "role": "Manager", "group": null, "currency": 0, "groups": [], "user_permissions": []}}, {"model": "homeworks.homework", "pk": 1, "fields": {"connection_with_task": 1, "description": "Some text.", "links": "https://github.com/", "homework_status": "Pending verification", "author": 8, "created_at": "2022-09-25T07:12:15.456Z"}}, {"model": "homeworks.homework", "pk": 2, "fields": {"connection_with_task": 1, "description": "Some text.", "links": "https://github.com/", "homework_status": "Completed", "author": 10, "created_at": "2022-09-25T07:12:15.457Z"}}, {"model": "homeworks.homework", "pk": 3, "fields": {"connection_with_task": 2, "description": "Some text.", "links": "https://github.com/", "homework_status": "Wrong", "author": 11, "created_at": "2022-09-25T07:14:42.017Z"}}, {"model": "homeworks.homework", "pk": 4, "fields": {"connection_with_task": 2, "description": "Some text.", "links": "https://github.com/", "homework_status": "Pending verification", "author": 12, "created_at": "2022-09-25T07:14:42.018Z"}}, {"model": "homeworks.homework", "pk": 5, "fields": {"connection_with_task": 3, "description": "Some text.", "links": "https://github.com/", "homework_status": "Completed", "author": 15, "created_at": "2022-09-25T07:17:07.193Z"}}, {"model": "homeworks.homework", "pk": 6, "fields": {"connection_with_task": 3, "description": "Some text.", "links": "https://github.com/", "homework_status": "Pending verification", "author": 16, "created_at": "2022-09-25T07:17:07.194Z"}}, {"model": "homeworks.homeworkcomment", "pk": 1, "fields": {"text": "All right, well done.", "homework": 2, "author": 3}}, {"model": "homeworks.homeworkcomment", "pk": 2, "fields": {"text": "Use the OOP.", "homework": 3, "author": 6}}, {"model": "homeworks.homeworkcomment", "pk": 3, "fields": {"text": "Excellent project!", "homework": 5, "author": 7}}, {"model": "lessons.lesson", "pk": 1, "fields": {"lesson_name": "Introduction to programming", "lesson_status": "Conducted", "description": "", "record_download_link": "https://kyda-to-tam.com/", "event_date": "2022-09-25T07:01:12Z", "connection_with_group": 1}}, {"model": "lessons.lesson", "pk": 2, "fields": {"lesson_name": "Celery and Celery beat", "lesson_status": "Conducted", "description": "", "record_download_link": "https://kyda-to-tam.com", "event_date": "2022-09-25T07:02:40Z", "connection_with_group": 2}}, {"model": "lessons.lesson", "pk": 3, "fields": {"lesson_name": "Serializers and views", "lesson_status": "Not conducted", "description": "", "record_download_link": null, "event_date": "2022-09-30T18:00:00Z", "connection_with_group": 2}}, {"model": "lessons.lesson", "pk": 4, "fields": {"lesson_name": "SQl db and NoSql db", "lesson_status": "Conducted", "description": "", "record_download_link": "https://kyda-to-tam.com", "event_date": "2022-09-25T18:00:00Z", "connection_with_group": 3}}, {"model": "merch.merchshop", "pk": 1, "fields": {"title": "Cap", "description": "Some text.", "image": "merch.images/25260.1200_GZ0N0qL.jpg", "count": 20, "price": 200}}, {"model": "merch.merchshop", "pk": 2, "fields": {"title": "T-shirt", "description": "Some text.", "image": "merch.images/73b4f1e3-f5df-11ec-8b90-00505683661b_4zyKtAE.jpg", "count": 20, "price": 20}}, {"model": "merch.merchshop", "pk": 3, "fields": {"title": "Hoodie", "description": "Some text.", "image": "merch.images/JOHF-MK23_V1_UkVISb6.jpg", "count": 20, "price": 20}}, {"model": "merch.shoppingcart", "pk": 1, "fields": {"purchaser": 15, "status": "In processing", "purchased_item": [1, 2, 3]}}]
